model_name,transaction_type,class_weight,precision,recall,f1-score,false_positive_rate
logreg,TRANSFER,14,0.8243243243243243,0.993485342019544,0.9010339734121122,0.0016388689283057
logreg,CASH_OUT,124,0.156515034695451,0.987034035656402,0.2701863354037267,0.009796751729058
svc_linear,TRANSFER,12,0.7420924574209246,0.993485342019544,0.8495821727019499,0.0026726170215448
svc_linear,CASH_OUT,112,0.144004144004144,0.9011345218800648,0.2483251451540866,0.0098654066010166
